{"results": {"incoming": [0, 0, 0, 0, 0, 12, 14, 9, 23, 18, 19, 12, 4, 10, 12, 7, 11, 4, 5, 11, 15, 11, 11, 11, 10, 19, 20, 20, 17, 9, 7, 8, 9, 8, 10, 10, 10, 4, 5, 8, 9, 8, 10, 25, 20, 31, 15, 8, 4, 10, 9, 7, 13, 9, 10, 2, 10, 3, 8, 13, 21, 6, 9, 7, 8, 14, 7, 8, 11, 5, 7, 10, 5, 12, 15, 1, 14, 6, 6, 11, 15, 3, 7, 15, 28, 31, 17, 7, 12, 8, 7, 5, 16, 13, 10, 10, 5, 7, 6, 8, 4, 8, 8, 8, 9, 10, 7, 9, 4, 4, 7, 15, 6, 11, 8, 10, 11, 8, 9, 10, 9, 14, 9, 6, 6, 9, 8, 9, 12, 9, 14, 3, 11, 6, 13, 14, 6, 6, 10, 11, 11, 12, 4, 4, 8, 13, 16, 18, 11, 8, 11, 8, 9, 14, 12, 10, 7, 6, 10, 10, 8, 10, 6, 13, 9, 1, 14, 19, 29, 26, 8, 11, 9, 10, 10, 5, 10, 7, 10, 6, 5, 10, 11, 11, 13, 8, 5, 11, 12, 12, 12, 10, 9, 14, 10, 10, 22, 26, 13, 8], "backlog": [0, 0, 0, 0, 0, 12, 26, 11, 0, 0, 0, 0, 0, 0, 0, 0, 0, 0, 0, 0, 0, 0, 0, 0, 0, 0, 0, 0, 0, 0, 0, 0, 0, 0, 0, 0, 0, 0, 0, 0, 0, 0, 0, 0, 0, 0, 0, 0, 0, 0, 0, 0, 0, 0, 0, 0, 0, 0, 0, 0, 0, 0, 0, 0, 0, 0, 0, 0, 0, 0, 0, 0, 0, 0, 0, 0, 0, 0, 0, 0, 0, 0, 0, 0, 0, 0, 0, 0, 0, 0, 0, 0, 0, 0, 0, 0, 0, 0, 0, 0, 0, 0, 0, 0, 0, 0, 0, 0, 0, 0, 0, 0, 0, 0, 0, 0, 0, 0, 0, 0, 0, 0, 0, 0, 0, 0, 0, 0, 0, 0, 0, 0, 0, 0, 0, 0, 0, 0, 0, 0, 0, 0, 0, 0, 0, 0, 0, 0, 0, 0, 0, 0, 0, 0, 0, 0, 0, 0, 0, 0, 0, 0, 0, 0, 0, 0, 0, 0, 0, 0, 0, 0, 0, 0, 0, 0, 0, 0, 0, 0, 0, 0, 0, 0, 0, 0, 0, 0, 0, 0, 0, 0, 0, 0, 0, 0, 0, 0, 0, 0], "utilization": [0, 0, 0, 0, 0, 12, 38, 49, 49, 49, 49, 49, 49, 49, 49, 49, 49, 49, 49, 49, 49, 49, 49, 49, 49, 49, 49, 49, 49, 49, 49, 49, 49, 49, 49, 49, 49, 49, 49, 49, 49, 49, 49, 49, 49, 49, 49, 49, 49, 49, 49, 49, 49, 49, 49, 49, 49, 49, 49, 49, 49, 49, 49, 49, 49, 49, 49, 49, 49, 49, 49, 49, 49, 49, 49, 49, 49, 49, 49, 49, 49, 49, 49, 49, 49, 49, 49, 49, 49, 49, 49, 49, 49, 49, 49, 49, 49, 49, 49, 49, 49, 49, 49, 49, 49, 49, 49, 49, 49, 49, 49, 49, 49, 49, 49, 49, 49, 49, 49, 49, 49, 49, 49, 49, 49, 49, 49, 49, 49, 49, 49, 49, 49, 49, 49, 49, 49, 49, 49, 49, 49, 49, 49, 49, 49, 49, 49, 49, 49, 49, 49, 49, 49, 49, 49, 49, 49, 49, 49, 49, 49, 49, 49, 49, 49, 49, 49, 49, 49, 49, 49, 49, 49, 49, 49, 49, 49, 49, 49, 49, 49, 49, 49, 49, 49, 49, 49, 49, 49, 49, 49, 49, 49, 49, 49, 49, 49, 49, 49, 49]}, "timer": {"started": 1450306334.182476, "finished": 1450306334.364189, "elapsed": "0 second"}, "simulation": "BalanceSimulation", "cluster": {"node": {"cpus": 4, "memory": 16}, "network": {"base_latency": 0, "capacity": 100000}, "cluster": {"node_count": 64, "size": 4}, "program": {"cpus": 1, "memory": 4}, "actors": {"persistence_cost": 2}, "rack": {"egress_latency": 0, "size": 32}}, "version": "0.3", "randseed": 42, "timesteps": 200, "configuration": {"volume_threshold": 100, "spike_prob": 0.05, "spike_duration": 4, "message_size": 128, "message_stddev": 3, "spike_scale": 3, "message_mean": 10}}